Close,DateTime
457.3340148925781,735493
424.4400024414063,735494
394.7959899902344,735495
408.9039916992188,735496
398.8210144042969,735497
402.1520080566406,735498
435.7909851074219,735499
423.2049865722656,735500
411.5740051269531,735501
404.4249877929688,735502
399.5199890136719,735503
377.1809997558594,735504
375.4670104980469,735505
386.9440002441406,735506
383.614990234375,735507
375.0719909667969,735508
359.5119934082031,735509
328.8659973144531,735510
320.510009765625,735511
330.0790100097656,735512
336.18701171875,735513
352.94000244140625,735514
365.0260009765625,735515
361.56201171875,735516
362.2990112304688,735517
378.5490112304688,735518
390.41400146484375,735519
400.8699951171875,735520
394.7730102539063,735521
382.5559997558594,735522
383.7579956054688,735523
391.4419860839844,735524
389.5459899902344,735525
382.8450012207031,735526
386.4750061035156,735527
383.1579895019531,735528
358.4169921875,735529
358.3450012207031,735530
347.27099609375,735531
354.7040100097656,735532
352.989013671875,735533
357.6180114746094,735534
335.59100341796875,735535
345.30499267578125,735536
338.3210144042969,735537
325.7489929199219,735538
325.8919982910156,735539
327.5539855957031,735540
330.49200439453125,735541
339.4859924316406,735542
349.2900085449219,735543
342.4150085449219,735544
345.4880065917969,735545
363.2640075683594,735546
366.9240112304688,735547
367.6950073242188,735548
423.5610046386719,735549
420.7349853515625,735550
397.8179931640625,735551
376.1329956054688,735552
387.8819885253906,735553
387.4079895019531,735554
375.197998046875,735555
380.5549926757813,735556
357.8399963378906,735557
350.8479919433594,735558
352.9200134277344,735559
367.572998046875,735560
376.9010009765625,735561
375.3479919433594,735562
368.3699951171875,735563
369.6700134277344,735564
376.4469909667969,735565
375.4909973144531,735566
378.0469970703125,735567
379.2449951171875,735568
381.3150024414063,735569
375.010009765625,735570
369.60400390625,735571
376.85400390625,735572
374.7850036621094,735573
375.0950012207031,735574
361.9089965820313,735575
352.218994140625,735576
346.364990234375,735577
350.5060119628906,735578
352.5419921875,735579
347.3760070800781,735580
351.6319885253906,735581
345.3450012207031,735582
327.06201171875,735583
319.7760009765625,735584
311.39599609375,735585
317.8429870605469,735586
329.9559936523437,735587
320.8429870605469,735588
331.885986328125,735589
334.5719909667969,735590
322.53399658203125,735591
319.00799560546875,735592
327.92401123046875,735593
315.8630065917969,735594
317.239013671875,735595
312.6700134277344,735596
310.73699951171875,735597
320.1929931640625,735598
314.2489929199219,735599
315.0320129394531,735600
281.0820007324219,735601
264.19500732421875,735602
274.4739990234375,735603
286.1889953613281,735604
294.3370056152344,735605
283.3489990234375,735606
290.4079895019531,735607
274.7959899902344,735608
265.6600036621094,735609
267.7959899902344,735610
225.86099243164065,735611
178.10299682617188,735612
209.843994140625,735613
208.0970001220703,735614
199.25999450683597,735615
210.3390045166016,735616
214.86099243164065,735617
211.31500244140625,735618
226.89700317382807,735619
233.406005859375,735620
232.8789978027344,735621
247.8470001220703,735622
253.71800231933597,735623
273.4729919433594,735624
263.4750061035156,735625
233.9149932861328,735626
233.51300048828125,735627
226.4250030517578,735628
217.4640045166016,735629
226.9720001220703,735630
238.22900390625,735631
227.26800537109372,735632
226.85299682617188,735633
217.11099243164065,735634
222.26600646972656,735635
227.7539978027344,735636
223.41200256347656,735637
220.1100006103516,735638
219.8390045166016,735639
219.18499755859372,735640
221.76400756835935,735641
235.427001953125,735642
257.3210144042969,735643
234.8249969482422,735644
233.84300231933597,735645
243.6100006103516,735646
236.3260040283203,735647
240.2830047607422,735648
243.7790069580078,735649
244.53399658203125,735650
235.9770050048828,735651
238.8919982910156,735652
238.7350006103516,735653
237.47000122070312,735654
236.42599487304688,735655
253.8280029296875,735656
254.26300048828125,735657
260.2019958496094,735658
275.6700134277344,735659
281.7019958496094,735660
273.0920104980469,735661
276.1780090332031,735662
272.7229919433594,735663
276.260986328125,735664
274.35400390625,735665
289.60699462890625,735666
291.760009765625,735667
296.3789978027344,735668
294.35400390625,735669
285.3370056152344,735670
281.885009765625,735671
286.3930053710937,735672
290.5929870605469,735673
285.5050048828125,735674
256.29901123046875,735675
260.9280090332031,735676
261.7489929199219,735677
260.0249938964844,735678
267.9599914550781,735679
266.739990234375,735680
245.59500122070312,735681
246.19700622558597,735682
248.5319976806641,735683
247.0290069580078,735684
252.79800415039065,735685
242.71299743652344,735686
247.5260009765625,735687
244.2239990234375,735688
247.27200317382807,735689
253.0050048828125,735690
254.32200622558597,735691
253.69700622558597,735692
260.5979919433594,735693
255.49200439453125,735694
253.17999267578125,735695
245.02200317382807,735696
243.67599487304688,735697
236.07200622558597,735698
236.552001953125,735699
236.1529998779297,735700
224.5870056152344,735701
219.15899658203125,735702
223.8329925537109,735703
228.572998046875,735704
222.8820037841797,735705
223.3560028076172,735706
222.6000061035156,735707
224.62600708007807,735708
235.2689971923828,735709
234.17599487304688,735710
236.4620056152344,735711
231.26800537109372,735712
226.38999938964844,735713
219.42999267578125,735714
229.28599548339844,735715
225.85499572753903,735716
225.80799865722656,735717
236.1450042724609,735718
232.07899475097656,735719
234.92999267578125,735720
240.3580017089844,735721
239.01800537109372,735722
236.1210021972656,735723
229.7819976806641,735724
237.33399963378903,735725
243.86300659179688,735726
241.83200073242188,735727
240.29600524902344,735728
242.1580047607422,735729
241.11199951171875,735730
236.3769989013672,735731
236.9290008544922,735732
237.60499572753903,735733
236.1529998779297,735734
236.802001953125,735735
233.1280059814453,735736
231.94700622558597,735737
234.01800537109372,735738
235.343994140625,735739
240.34800720214844,735740
238.8719940185547,735741
240.9530029296875,735742
237.1100006103516,735743
237.11599731445312,735744
237.2830047607422,735745
237.4080047607422,735746
237.0959930419922,735747
233.34500122070312,735748
230.19000244140625,735749
222.92599487304688,735750
225.8029937744141,735751
225.87399291992188,735752
224.32400512695312,735753
224.95199584960935,735754
225.61900329589844,735755
222.8809967041016,735756
228.48899841308597,735757
229.04800415039065,735758
228.8029937744141,735759
229.7050018310547,735760
229.98199462890625,735761
232.4019927978516,735762
233.54299926757807,735763
236.822998046875,735764
250.8950042724609,735765
249.28399658203125,735766
249.0070037841797,735767
244.6060028076172,735768
245.2120056152344,735769
243.94400024414065,735770
246.9900054931641,735771
244.29600524902344,735772
240.51499938964844,735773
242.7989959716797,735774
243.593994140625,735775
250.9900054931641,735776
249.0110015869141,735777
257.0639953613281,735778
263.0719909667969,735779
258.6210021972656,735780
255.41200256347656,735781
256.33599853515625,735782
260.885986328125,735783
271.9129943847656,735784
269.0299987792969,735785
266.2070007324219,735786
270.7850036621094,735787
269.2279968261719,735788
284.8940124511719,735789
293.114990234375,735790
310.86700439453125,735791
292.0539855957031,735792
287.4639892578125,735793
285.8290100097656,735794
278.0889892578125,735795
279.47198486328125,735796
274.9010009765625,735797
273.614013671875,735798
278.9809875488281,735799
275.8330078125,735800
277.22198486328125,735801
276.04901123046875,735802
288.27801513671875,735803
288.6969909667969,735804
292.6860046386719,735805
293.6239929199219,735806
294.427001953125,735807
289.5899963378906,735808
287.72198486328125,735809
284.6499938964844,735810
281.6010131835937,735811
282.614013671875,735812
281.2269897460937,735813
285.2179870605469,735814
281.8819885253906,735815
278.5769958496094,735816
279.5849914550781,735817
260.9970092773437,735818
265.0830078125,735819
264.4700012207031,735820
270.385986328125,735821
266.3760070800781,735822
264.0799865722656,735823
265.67999267578125,735824
261.5509948730469,735825
258.5069885253906,735826
257.9760131835937,735827
211.07899475097656,735828
226.6840057373047,735829
235.3500061035156,735830
232.56900024414065,735831
230.38999938964844,735832
228.16900634765625,735833
210.4949951171875,735834
221.60899353027344,735835
225.83099365234372,735836
224.7689971923828,735837
231.39599609375,735838
229.77999877929688,735839
228.7610015869141,735840
230.05599975585935,735841
228.1210021972656,735842
229.28399658203125,735843
227.18299865722656,735844
230.29800415039065,735845
235.0189971923828,735846
239.83999633789065,735847
239.8470001220703,735848
243.60699462890625,735849
238.16799926757807,735850
238.4770050048828,735851
240.10699462890625,735852
235.22900390625,735853
230.51199340820312,735854
230.6439971923828,735855
230.3040008544922,735856
229.09100341796875,735857
229.80999755859372,735858
232.9750061035156,735859
231.4929962158203,735860
231.2120056152344,735861
227.0850067138672,735862
230.6179962158203,735863
230.2830047607422,735864
234.5290069580078,735865
235.1439971923828,735866
234.33999633789065,735867
232.7570037841797,735868
239.1419982910156,735869
236.6869964599609,735870
236.05999755859372,735871
237.5489959716797,735872
237.29299926757807,735873
238.72999572753903,735874
238.25900268554688,735875
240.38299560546875,735876
246.06300354003903,735877
242.968994140625,735878
242.3040008544922,735879
243.93099975585935,735880
244.9409942626953,735881
247.0500030517578,735882
245.30799865722656,735883
249.50799560546875,735884
251.98899841308597,735885
254.32000732421875,735886
262.8689880371094,735887
270.6400146484375,735888
261.6430053710937,735889
263.43701171875,735890
269.4630126953125,735891
266.2720031738281,735892
274.02301025390625,735893
276.4960021972656,735894
281.65399169921875,735895
283.67999267578125,735896
285.29998779296875,735897
293.7879943847656,735898
304.6180114746094,735899
313.8550109863281,735900
328.0150146484375,735901
314.1659851074219,735902
325.4309997558594,735903
361.1889953613281,735904
403.4169921875,735905
411.56298828125,735906
386.35400390625,735907
374.4700012207031,735908
386.4819946289063,735909
373.3680114746094,735910
380.2569885253906,735911
336.8190002441406,735912
311.0840148925781,735913
338.1520080566406,735914
336.75299072265625,735915
332.906005859375,735916
320.1659851074219,735917
330.7510070800781,735918
335.093994140625,735919
334.5899963378906,735920
326.14898681640625,735921
322.0220031738281,735922
326.927001953125,735923
324.5360107421875,735924
323.0459899902344,735925
320.0459899902344,735926
328.2059936523437,735927
352.6839904785156,735928
358.0419921875,735929
357.3810119628906,735930
371.29400634765625,735931
377.3210144042969,735932
362.4880065917969,735933
359.18701171875,735934
361.0459899902344,735935
363.1830139160156,735936
388.9490051269531,735937
388.7829895019531,735938
395.5360107421875,735939
415.56298828125,735940
417.56298828125,735941
415.47900390625,735942
451.93798828125,735943
434.99700927734375,735944
433.7550048828125,735945
444.1820068359375,735946
465.3210144042969,735947
454.9339904785156,735948
456.0780029296875,735949
463.6159973144531,735950
462.3219909667969,735951
442.68499755859375,735952
438.6390075683594,735953
436.5719909667969,735954
442.4010009765625,735955
454.9849853515625,735956
455.6530151367188,735957
417.2739868164063,735958
422.822998046875,735959
422.2789916992188,735960
432.9830017089844,735961
426.6199951171875,735962
430.5669860839844,735963
434.3340148925781,735964
433.43798828125,735965
430.010986328125,735966
433.0910034179688,735967
431.9599914550781,735968
429.1050109863281,735969
458.0480041503906,735970
453.2300109863281,735971
447.6109924316406,735972
447.9909973144531,735973
448.4280090332031,735974
435.6900024414063,735975
432.3710021972656,735976
430.3059997558594,735977
364.33099365234375,735978
387.5360107421875,735979
382.2990112304688,735980
387.1679992675781,735981
380.1489868164063,735982
420.2300109863281,735983
410.2619934082031,735984
382.4920043945313,735985
387.4909973144531,735986
402.9710083007813,735987
391.72601318359375,735988
392.1530151367188,735989
394.9719848632813,735990
380.28900146484375,735991
379.4739990234375,735992
378.2550048828125,735993
368.7669982910156,735994
373.0559997558594,735995
374.447998046875,735996
369.9490051269531,735997
389.593994140625,735998
386.5490112304688,735999
376.5220031738281,736000
376.6199951171875,736001
373.4469909667969,736002
376.0289916992188,736003
381.6489868164063,736004
379.6539916992188,736005
384.2630004882813,736006
391.8599853515625,736007
407.2300109863281,736008
400.18499755859375,736009
407.4880065917969,736010
416.3219909667969,736011
422.37298583984375,736012
420.7850036621094,736013
437.16400146484375,736014
438.7980041503906,736015
437.74798583984375,736016
420.7359924316406,736017
424.9549865722656,736018
424.54400634765625,736019
432.1520080566406,736020
432.5190124511719,736021
433.5039978027344,736022
437.6969909667969,736023
435.12298583984375,736024
423.989013671875,736025
421.6510009765625,736026
410.9389953613281,736027
400.5700073242188,736028
407.7070007324219,736029
414.3210144042969,736030
413.9719848632813,736031
414.8599853515625,736032
417.1310119628906,736033
421.6900024414063,736034
411.6239929199219,736035
414.0650024414063,736036
416.43798828125,736037
416.8299865722656,736038
417.010986328125,736039
420.6210021972656,736040
409.5480041503906,736041
410.4440002441406,736042
413.7550048828125,736043
413.3070068359375,736044
418.0889892578125,736045
418.0409851074219,736046
416.3940124511719,736047
417.177001953125,736048
417.9450073242188,736049
426.7650146484375,736050
424.2309875488281,736051
416.5159912109375,736052
414.8160095214844,736053
416.72900390625,736054
417.9599914550781,736055
420.87298583984375,736056
420.9039916992188,736057
421.4440002441406,736058
424.0299987792969,736059
423.4129943847656,736060
422.7449951171875,736061
420.3489990234375,736062
419.4110107421875,736063
421.5639953613281,736064
422.4830017089844,736065
425.1900024414063,736066
423.7340087890625,736067
424.2820129394531,736068
429.7130126953125,736069
430.5719909667969,736070
427.3989868164063,736071
428.5910034179688,736072
435.5090026855469,736073
441.3890075683594,736074
449.4249877929688,736075
445.7369995117188,736076
450.2820129394531,736077
458.5549926757813,736078
461.4259948730469,736079
466.0889892578125,736080
444.68701171875,736081
449.010986328125,736082
455.0969848632813,736083
448.3179931640625,736084
451.875,736085
444.66900634765625,736086
450.3039855957031,736087
446.7219848632813,736088
447.97601318359375,736089
459.6029968261719,736090
458.5360107421875,736091
458.5480041503906,736092
460.4830017089844,736093
450.8949890136719,736094
452.7279968261719,736095
454.7659912109375,736096
455.6700134277344,736097
455.6709899902344,736098
457.5679931640625,736099
454.1629943847656,736100
453.7829895019531,736101
454.6189880371094,736102
438.7149963378906,736103
442.6759948730469,736104
443.18798828125,736105
439.322998046875,736106
444.1549987792969,736107
445.9809875488281,736108
449.5989990234375,736109
453.3840026855469,736110
473.4639892578125,736111
530.0399780273438,736112
526.2329711914062,736113
533.864013671875,736114
531.385986328125,736115
536.9199829101562,736116
537.9719848632812,736117
569.1939697265625,736118
572.7269897460938,736119
574.9769897460938,736120
585.5369873046875,736121
576.5969848632812,736122
581.64501953125,736123
574.6300048828125,736124
577.469970703125,736125
606.7269897460938,736126
672.7839965820312,736127
704.3759765625,736128
685.5590209960938,736129
694.468994140625,736130
766.3079833984375,736131
748.9089965820312,736132
756.2269897460938,736133
763.781005859375,736134
737.2260131835938,736135
666.6519775390625,736136
596.1160278320312,736137
623.9769897460938,736138
665.2990112304688,736139
665.1229858398438,736140
629.3670043945312,736141
655.2750244140625,736142
647.0009765625,736143
639.8900146484375,736144
673.3369750976562,736145
676.2960205078125,736146
703.7020263671875,736147
658.6640014648438,736148
683.6619873046875,736149
670.6270141601562,736150
677.3309936523438,736151
640.56201171875,736152
666.5230102539062,736153
650.9600219726562,736154
649.3599853515625,736155
647.6589965820312,736156
664.551025390625,736157
654.468017578125,736158
658.0780029296875,736159
663.2550048828125,736160
660.7670288085938,736161
679.458984375,736162
673.1060180664062,736163
672.864013671875,736164
665.6849975585938,736165
665.0120239257812,736166
650.6190185546875,736167
655.5560302734375,736168
661.2849731445312,736169
654.0969848632812,736170
651.7839965820312,736171
654.3519897460938,736172
655.0349731445312,736173
656.9920043945312,736174
655.0469970703125,736175
624.6810302734375,736176
606.27197265625,736177
547.4650268554688,736178
566.35498046875,736179
578.2890014648438,736180
575.0430297851562,736181
587.7780151367188,736182
592.6900024414062,736183
591.0540161132812,736184
587.801025390625,736185
592.10302734375,736186
589.1199951171875,736187
587.5590209960938,736188
585.5880126953125,736189
570.4730224609375,736190
567.239990234375,736191
577.4390258789062,736192
573.2160034179688,736193
574.3179931640625,736194
575.6300048828125,736195
581.697021484375,736196
581.3079833984375,736197
586.7529907226562,736198
583.4149780273438,736199
580.1820068359375,736200
577.760986328125,736201
579.6510009765625,736202
569.947021484375,736203
573.9119873046875,736204
574.1069946289062,736205
577.5029907226562,736206
575.4719848632812,736207
572.302978515625,736208
575.5369873046875,736209
598.2119750976562,736210
608.6339721679688,736211
606.5900268554688,736212
610.4359741210938,736213
614.5440063476562,736214
626.3159790039062,736215
622.8610229492188,736216
623.5089721679688,736217
606.718994140625,736218
608.2429809570312,736219
609.2410278320312,736220
610.6840209960938,736221
607.155029296875,736222
606.9730224609375,736223
605.9840087890625,736224
609.8740234375,736225
609.2269897460938,736226
608.31201171875,736227
597.1489868164062,736228
596.2979736328125,736229
602.8419799804688,736230
602.625,736231
600.8259887695312,736232
608.0430297851562,736233
606.166015625,736234
604.72802734375,736235
605.6929931640625,736236
609.7349853515625,736237
613.9829711914062,736238
610.8920288085938,736239
612.1329956054688,736240
610.2039794921875,736241
612.510986328125,736242
613.02099609375,736243
617.1209716796875,736244
619.1079711914062,736245
616.7520141601562,736246
618.9940185546875,736247
641.072021484375,736248
636.1920166015625,736249
636.7860107421875,736250
640.3779907226562,736251
638.64599609375,736252
641.6309814453125,736253
639.1929931640625,736254
637.9600219726562,736255
630.52001953125,736256
630.8569946289062,736257
632.8280029296875,736258
657.2940063476562,736259
657.0709838867188,736260
653.760986328125,736261
657.5880126953125,736262
678.3040161132812,736263
688.31298828125,736264
689.6510009765625,736265
714.47900390625,736266
701.864013671875,736267
700.9719848632812,736268
729.7930297851562,736269
740.8289794921875,736270
688.7000122070312,736271
703.2349853515625,736272
703.4180297851562,736273
711.52197265625,736274
703.1309814453125,736275
709.8480224609375,736276
723.2730102539062,736277
715.5339965820312,736278
716.4110107421875,736279
705.0540161132812,736280
702.031005859375,736281
705.02099609375,736282
711.6190185546875,736283
744.197998046875,736284
740.9769897460938,736285
751.5850219726562,736286
751.6160278320312,736287
731.0260009765625,736288
739.2479858398438,736289
751.3469848632812,736290
744.593994140625,736291
740.2890014648438,736292
741.6489868164062,736293
735.3820190429688,736294
732.0349731445312,736295
735.81298828125,736296
735.60400390625,736297
745.6909790039062,736298
756.7739868164062,736299
777.9439697265625,736300
771.155029296875,736301
773.8720092773438,736302
758.7000122070312,736303
764.2239990234375,736304
768.1320190429688,736305
770.8099975585938,736306
772.7940063476562,736307
774.6500244140625,736308
769.7310180664062,736309
780.0869750976562,736310
780.5560302734375,736311
781.4810180664062,736312
778.0880126953125,736313
784.906982421875,736314
790.8289794921875,736315
790.530029296875,736316
792.7139892578125,736317
800.8759765625,736318
834.281005859375,736319
864.5399780273438,736320
921.9840087890624,736321
898.822021484375,736322
896.1829833984375,736323
907.6099853515624,736324
933.197998046875,736325
975.9210205078124,736326
973.4970092773438,736327
961.2379760742188,736328
963.7429809570312,736329
998.3250122070312,736330
1021.75,736331
1043.8399658203125,736332
1154.72998046875,736333
1013.3800048828124,736334
902.2009887695312,736335
908.5850219726562,736336
911.198974609375,736337
902.8280029296876,736338
907.6790161132812,736339
777.7570190429688,736340
804.833984375,736341
823.9840087890625,736342
818.4119873046875,736343
821.7979736328125,736344
831.5339965820312,736345
907.93798828125,736346
886.6179809570312,736347
899.072998046875,736348
895.0260009765625,736349
921.7890014648438,736350
924.6729736328124,736351
921.0120239257812,736352
892.68701171875,736353
901.5419921875,736354
917.5859985351562,736355
919.75,736356
921.5900268554688,736357
919.4959716796876,736358
920.3820190429688,736359
970.4030151367188,736360
989.0230102539062,736361
1011.7999877929688,736362
1029.9100341796875,736363
1042.9000244140625,736364
1027.3399658203125,736365
1038.1500244140625,736366
1061.3499755859375,736367
1063.0699462890625,736368
994.3829956054688,736369
988.6740112304688,736370
1004.4500122070312,736371
999.1810302734376,736372
990.6420288085938,736373
1004.5499877929688,736374
1007.47998046875,736375
1027.43994140625,736376
1046.2099609375,736377
1054.4200439453125,736378
1047.8699951171875,736379
1079.97998046875,736380
1115.300048828125,736381
1117.43994140625,736382
1166.719970703125,736383
1173.6800537109375,736384
1143.8399658203125,736385
1165.199951171875,736386
1179.969970703125,736387
1179.969970703125,736388
1222.5,736389
1251.010009765625,736390
1274.989990234375,736391
1255.1500244140625,736392
1267.1199951171875,736393
1272.8299560546875,736394
1223.5400390625,736395
1150.0,736396
1188.489990234375,736397
1116.719970703125,736398
1175.8299560546875,736399
1221.3800048828125,736400
1231.9200439453125,736401
1240.0,736402
1249.6099853515625,736403
1187.81005859375,736404
1100.22998046875,736405
973.8179931640624,736406
1036.739990234375,736407
1054.22998046875,736408
1120.5400390625,736409
1049.1400146484375,736410
1038.5899658203125,736411
937.52001953125,736412
972.7789916992188,736413
966.7249755859376,736414
1045.77001953125,736415
1047.1500244140625,736416
1039.969970703125,736417
1026.4300537109375,736418
1071.7900390625,736419
1080.5,736420
1102.1700439453125,736421
1143.81005859375,736422
1133.25,736423
1124.780029296875,736424
1182.6800537109375,736425
1176.9000244140625,736426
1175.949951171875,736427
1187.8699951171875,736428
1187.1300048828125,736429
1205.010009765625,736430
1200.3699951171875,736431
1169.280029296875,736432
1167.5400390625,736433
1172.52001953125,736434
1182.93994140625,736435
1193.9100341796875,736436
1211.6700439453125,736437
1210.2900390625,736438
1229.0799560546875,736439
1222.050048828125,736440
1231.7099609375,736441
1207.2099609375,736442
1250.1500244140625,736443
1265.489990234375,736444
1281.0799560546875,736445
1317.72998046875,736446
1316.47998046875,736447
1321.7900390625,736448
1347.8900146484375,736449
1421.5999755859375,736450
1452.8199462890625,736451
1490.0899658203125,736452
1537.6700439453125,736453
1555.449951171875,736454
1578.800048828125,736455
1596.7099609375,736456
1723.3499755859375,736457
1755.3599853515625,736458
1787.1300048828125,736459
1848.5699462890625,736460
1724.239990234375,736461
1804.9100341796875,736462
1808.9100341796875,736463
1738.4300537109375,736464
1734.449951171875,736465
1839.0899658203125,736466
1888.6500244140625,736467
1987.7099609375,736468
2084.72998046875,736469
2041.199951171875,736470
2173.39990234375,736471
2320.419921875,736472
2443.639892578125,736473
2304.97998046875,736474
2202.419921875,736475
2038.8699951171875,736476
2155.800048828125,736477
2255.610107421875,736478
2175.469970703125,736479
2286.409912109375,736480
2407.8798828125,736481
2488.550048828125,736482
2515.35009765625,736483
2511.81005859375,736484
2686.81005859375,736485
2863.199951171875,736486
2732.159912109375,736487
2805.6201171875,736488
2823.81005859375,736489
2947.7099609375,736490
2958.110107421875,736491
2659.6298828125,736492
2717.02001953125,736493
2506.3701171875,736494
2464.580078125,736495
2518.56005859375,736496
2655.8798828125,736497
2548.2900390625,736498
2589.60009765625,736499
2721.7900390625,736500
2689.10009765625,736501
2705.409912109375,736502
2744.909912109375,736503
2608.719970703125,736504
2589.409912109375,736505
2478.449951171875,736506
2552.449951171875,736507
2574.7900390625,736508
2539.320068359375,736509
2480.840087890625,736510
2434.550048828125,736511
2506.469970703125,736512
2564.06005859375,736513
2601.639892578125,736514
2601.989990234375,736515
2608.56005859375,736516
2518.659912109375,736517
2571.340087890625,736518
2518.43994140625,736519
2372.56005859375,736520
2337.7900390625,736521
2398.840087890625,736522
2357.89990234375,736523
2233.340087890625,736524
1998.8599853515625,736525
1929.8199462890625,736526
2228.409912109375,736527
2318.8798828125,736528
2273.429931640625,736529
2817.60009765625,736530
2667.760009765625,736531
2810.1201171875,736532
2730.39990234375,736533
2754.860107421875,736534
2576.47998046875,736535
2529.449951171875,736536
2671.780029296875,736537
2809.010009765625,736538
2726.449951171875,736539
2757.179931640625,736540
2875.340087890625,736541
2718.260009765625,736542
2710.669921875,736543
2804.72998046875,736544
2895.889892578125,736545
3252.909912109375,736546
3213.93994140625,736547
3378.93994140625,736548
3419.93994140625,736549
3342.469970703125,736550
3381.280029296875,736551
3650.6201171875,736552
3884.7099609375,736553
4073.260009765625,736554
4325.1298828125,736555
4181.93017578125,736556
4376.6298828125,736557
4331.68994140625,736558
4160.6201171875,736559
4193.7001953125,736560
4087.659912109375,736561
4001.739990234375,736562
4100.52001953125,736563
4151.52001953125,736564
4334.68017578125,736565
4371.60009765625,736566
4352.39990234375,736567
4382.8798828125,736568
4382.66015625,736569
4579.02001953125,736570
4565.2998046875,736571
4703.39013671875,736572
4892.009765625,736573
4578.77001953125,736574
4582.9599609375,736575
4236.31005859375,736576
4376.52978515625,736577
4597.1201171875,736578
4599.8798828125,736579
4228.75,736580
4226.06005859375,736581
4122.93994140625,736582
4161.27001953125,736583
4130.81005859375,736584
3882.590087890625,736585
3154.949951171875,736586
3637.52001953125,736587
3625.0400390625,736588
3582.8798828125,736589
4065.199951171875,736590
3924.969970703125,736591
3905.949951171875,736592
3631.0400390625,736593
3630.699951171875,736594
3792.39990234375,736595
3682.840087890625,736596
3926.070068359375,736597
3892.35009765625,736598
4200.669921875,736599
4174.72998046875,736600
4163.06982421875,736601
4338.7099609375,736602
4403.740234375,736603
4409.31982421875,736604
4317.47998046875,736605
4229.35986328125,736606
4328.41015625,736607
4370.81005859375,736608
4426.89013671875,736609
4610.47998046875,736610
4772.02001953125,736611
4781.990234375,736612
4826.47998046875,736613
5446.91015625,736614
5647.2099609375,736615
5831.7900390625,736616
5678.18994140625,736617
5725.58984375,736618
5605.509765625,736619
5590.68994140625,736620
5708.52001953125,736621
6011.4501953125,736622
6031.60009765625,736623
6008.419921875,736624
5930.31982421875,736625
5526.64013671875,736626
5750.7998046875,736627
5904.830078125,736628
5780.89990234375,736629
5753.08984375,736630
6153.85009765625,736631
6130.52978515625,736632
6468.39990234375,736633
6767.31005859375,736634
7078.5,736635
7207.759765625,736636
7379.9501953125,736637
7407.41015625,736638
7022.759765625,736639
7144.3798828125,736640
7459.68994140625,736641
7143.580078125,736642
6618.14013671875,736643
6357.60009765625,736644
5950.06982421875,736645
6559.490234375,736646
6635.75,736647
7315.5400390625,736648
7871.68994140625,736649
7708.990234375,736650
7790.14990234375,736651
8036.490234375,736652
8200.6396484375,736653
8071.259765625,736654
8253.5498046875,736655
8038.77001953125,736656
8253.6904296875,736657
8790.919921875,736658
9330.5498046875,736659
9818.349609375,736660
10058.7998046875,736661
9888.6103515625,736662
10233.599609375,736663
10975.599609375,736664
11074.599609375,736665
11323.2001953125,736666
11657.2001953125,736667
11916.7001953125,736668
14291.5,736669
17899.69921875,736670
16569.400390625,736671
15178.2001953125,736672
15455.400390625,736673
16936.80078125,736674
17415.400390625,736675
16408.19921875,736676
16564.0,736677
17706.900390625,736678
19497.400390625,736679
19140.80078125,736680
19114.19921875,736681
17776.69921875,736682
16624.599609375,736683
15802.900390625,736684
13831.7998046875,736685
14699.2001953125,736686
13925.7998046875,736687
14026.599609375,736688
16099.7998046875,736689
15838.5,736690
14606.5,736691
14656.2001953125,736692
12952.2001953125,736693
14156.400390625,736694
13657.2001953125,736695
14982.099609375,736696
15201.0,736697
15599.2001953125,736698
17429.5,736699
17527.0,736700
16477.599609375,736701
15170.099609375,736702
14595.400390625,736703
14973.2998046875,736704
13405.7998046875,736705
13980.599609375,736706
14360.2001953125,736707
13772.0,736708
13819.7998046875,736709
11490.5,736710
11188.599609375,736711
11474.900390625,736712
11607.400390625,736713
12899.2001953125,736714
11600.099609375,736715
10931.400390625,736716
10868.400390625,736717
11359.400390625,736718
11259.400390625,736719
11171.400390625,736720
11440.7001953125,736721
11786.2998046875,736722
11296.400390625,736723
10106.2998046875,736724
10221.099609375,736725
9170.5400390625,736726
8830.75,736727
9174.91015625,736728
8277.009765625,736729
6955.27001953125,736730
7754.0,736731
7621.2998046875,736732
8265.58984375,736733
8736.98046875,736734
8621.900390625,736735
8129.97021484375,736736
8926.5703125,736737
8598.3095703125,736738
9494.6298828125,736739
10166.400390625,736740
10233.900390625,736741
11112.7001953125,736742
10551.7998046875,736743
11225.2998046875,736744
11403.7001953125,736745
10690.400390625,736746
10005.0,736747
10301.099609375,736748
9813.0703125,736749
9664.73046875,736750
10366.7001953125,736751
10725.599609375,736752
10397.900390625,736753
10951.0,736754
11086.400390625,736755
11489.7001953125,736756
11512.599609375,736757
11573.2998046875,736758
10779.900390625,736759
9965.5703125,736760
9395.009765625,736761
9337.5498046875,736762
8866.0,736763
9578.6298828125,736764
9205.1201171875,736765
9194.849609375,736766
8269.8095703125,736767
8300.8603515625,736768
8338.349609375,736769
7916.8798828125,736770
8223.6796875,736771
8630.650390625,736772
8913.4697265625,736773
8929.2802734375,736774
8728.4697265625,736775
8879.6201171875,736776
8668.1201171875,736777
8495.7802734375,736778
8209.400390625,736779
7833.0400390625,736780
7954.47998046875,736781
7165.7001953125,736782
6890.52001953125,736783
6973.52978515625,736784
6844.22998046875,736785
7083.7998046875,736786
7456.10986328125,736787
6853.83984375,736788
6811.47021484375,736789
6636.31982421875,736790
6911.08984375,736791
7023.52001953125,736792
6770.72998046875,736793
6834.759765625,736794
6968.31982421875,736795
7889.25,736796
7895.9599609375,736797
7986.240234375,736798
8329.1103515625,736799
8058.669921875,736800
7902.08984375,736801
8163.419921875,736802
8294.3095703125,736803
8845.830078125,736804
8895.580078125,736805
8802.4599609375,736806
8930.8798828125,736807
9697.5,736808
8845.740234375,736809
9281.509765625,736810
8987.0498046875,736811
9348.48046875,736812
9419.080078125,736813
9240.5498046875,736814
9119.009765625,736815
9235.919921875,736816
9743.8603515625,736817
9700.759765625,736818
9858.150390625,736819
9654.7998046875,736820
9373.009765625,736821
9234.8203125,736822
9325.1796875,736823
9043.9404296875,736824
8441.490234375,736825
8504.8896484375,736826
8723.9404296875,736827
8716.7900390625,736828
8510.3798828125,736829
8368.830078125,736830
8094.31982421875,736831
8250.9697265625,736832
8247.1796875,736833
8513.25,736834
8418.990234375,736835
8041.77978515625,736836
7557.81982421875,736837
7587.33984375,736838
7480.14013671875,736839
7355.8798828125,736840
7368.22021484375,736841
7135.990234375,736842
7472.58984375,736843
7406.52001953125,736844
7494.169921875,736845
7541.4501953125,736846
7643.4501953125,736847
7720.25,736848
7514.47021484375,736849
7633.759765625,736850
7653.97998046875,736851
7678.240234375,736852
7624.919921875,736853
7531.97998046875,736854
6786.02001953125,736855
6906.919921875,736856
6582.35986328125,736857
6349.89990234375,736858
6675.35009765625,736859
6456.580078125,736860
6550.16015625,736861
6499.27001953125,736862
6734.81982421875,736863
6769.93994140625,736864
6776.5498046875,736865
6729.740234375,736866
6083.68994140625,736867
6162.47998046875,736868
6173.22998046875,736869
6249.18017578125,736870
6093.669921875,736871
6157.1298828125,736872
5903.43994140625,736873
6218.2998046875,736874
6404.0,736875
6385.81982421875,736876
6614.18017578125,736877
6529.58984375,736878
6597.5498046875,736879
6639.14013671875,736880
6673.5,736881
6856.93017578125,736882
6773.8798828125,736883
6741.75,736884
6329.9501953125,736885
6394.7099609375,736886
6228.81005859375,736887
6238.0498046875,736888
6276.1201171875,736889
6359.64013671875,736890
6741.75,736891
7321.0400390625,736892
7370.77978515625,736893
7466.85986328125,736894
7354.1298828125,736895
7419.2900390625,736896
7418.490234375,736897
7711.10986328125,736898
8424.26953125,736899
8181.39013671875,736900
7951.580078125,736901
8165.009765625,736902
8192.150390625,736903
8218.4599609375,736904
8180.47998046875,736905
7780.43994140625,736906
7624.91015625,736907
7567.14990234375,736908
7434.39013671875,736909
7032.85009765625,736910
7068.47998046875,736911
6951.7998046875,736912
6753.1201171875,736913
6305.7998046875,736914
6568.22998046875,736915
6184.7099609375,736916
6295.72998046875,736917
6322.68994140625,736918
6297.56982421875,736919
6199.7099609375,736920
6308.52001953125,736921
6334.72998046875,736922
6580.6298828125,736923
6423.759765625,736924
6506.06982421875,736925
6308.52978515625,736926
6488.759765625,736927
6376.7099609375,736928
6534.8798828125,736929
6719.9599609375,736930
6763.18994140625,736931
6707.259765625,736932
6884.64013671875,736933
7096.27978515625,736934
7047.16015625,736935
6978.22998046875,736936
7037.580078125,736937
7193.25,736938
7272.72021484375,736939
7260.06005859375,736940
7361.66015625,736941
6792.830078125,736942
6529.169921875,736943
6467.06982421875,736944
6225.97998046875,736945
6300.85986328125,736946
6329.7001953125,736947
6321.2001953125,736948
6351.7998046875,736949
6517.31005859375,736950
6512.7099609375,736951
6543.2001953125,736952
6517.18017578125,736953
6281.2001953125,736954
6371.2998046875,736955
6398.5400390625,736956
6519.669921875,736957
6734.9501953125,736958
6721.97998046875,736959
6710.6298828125,736960
6595.41015625,736961
6446.47021484375,736962
6495.0,736963
6676.75,736964
6644.1298828125,736965
6601.9599609375,736966
6625.56005859375,736967
6589.6201171875,736968
6556.10009765625,736969
6502.58984375,736970
6576.68994140625,736971
6622.47998046875,736972
6588.31005859375,736973
6602.9501953125,736974
6652.22998046875,736975
6642.64013671875,736976
6585.52978515625,736977
6256.240234375,736978
6274.580078125,736979
6285.990234375,736980
6290.93017578125,736981
6596.5400390625,736982
6596.10986328125,736983
6544.43017578125,736984
6476.7099609375,736985
6465.41015625,736986
6489.18994140625,736987
6482.35009765625,736988
6487.16015625,736989
6475.740234375,736990
6495.83984375,736991
6476.2900390625,736992
6474.75,736993
6480.3798828125,736994
6486.39013671875,736995
6332.6298828125,736996
6334.27001953125,736997
6317.60986328125,736998
6377.77978515625,736999
6388.43994140625,737000
6361.259765625,737001
6376.1298828125,737002
6419.66015625,737003
6461.009765625,737004
6530.14013671875,737005
6453.72021484375,737006
6385.6201171875,737007
6409.22021484375,737008
6411.27001953125,737009
6371.27001953125,737010
6359.490234375,737011
5738.35009765625,737012
5648.02978515625,737013
5575.5498046875,737014
5554.330078125,737015
5623.5400390625,737016
4871.490234375,737017
4451.8701171875,737018
4602.169921875,737019
4365.93994140625,737020
4347.10986328125,737021
3880.760009765625,737022
4009.969970703125,737023
3779.1298828125,737024
3820.719970703125,737025
4257.419921875,737026
4278.8466796875,737027
4017.2685546875,737028
4214.671875,737029
4139.8779296875,737030
3894.130859375,737031
3956.893798828125,737032
3753.994873046875,737033
3521.101806640625,737034
3419.937255859375,737035
3476.11474609375,737036
3614.234375,737037
3502.656005859375,737038
3424.588134765625,737039
3486.9501953125,737040
3313.67724609375,737041
3242.48486328125,737042
3236.76171875,737043
3252.839111328125,737044
3545.86474609375,737045
3696.05908203125,737046
3745.95068359375,737047
4134.44140625,737048
3896.543701171875,737049
4014.1826171875,737050
3998.980224609375,737051
4078.59912109375,737052
3815.49072265625,737053
3857.297607421875,737054
3654.83349609375,737055
3923.918701171875,737056
3820.40869140625,737057
3865.95263671875,737058
3742.700439453125,737059
3843.52001953125,737060
3943.409423828125,737061
3836.7412109375,737062
3857.717529296875,737063
3845.194580078125,737064
4076.632568359375,737065
4025.248291015625,737066
4030.847900390625,737067
4035.29638671875,737068
3678.924560546875,737069
3687.365478515625,737070
3661.301025390625,737071
3552.953125,737072
3706.05224609375,737073
3630.67529296875,737074
3655.0068359375,737075
3678.56396484375,737076
3657.83935546875,737077
3728.568359375,737078
3601.013671875,737079
3576.032470703125,737080
3604.5771484375,737081
3585.123046875,737082
3600.865478515625,737083
3599.765869140625,737084
3602.46044921875,737085
3583.9658203125,737086
3470.450439453125,737087
3448.116943359375,737088
3486.181640625,737089
3457.792724609375,737090
3487.9453125,737091
3521.060791015625,737092
3464.013427734375,737093
3459.154052734375,737094
3466.357421875,737095
3413.767822265625,737096
3399.4716796875,737097
3666.7802734375,737098
3671.20361328125,737099
3690.188232421875,737100
3648.4306640625,737101
3653.528564453125,737102
3632.070556640625,737103
3616.880859375,737104
3620.810791015625,737105
3629.78759765625,737106
3673.836181640625,737107
3915.71435546875,737108
3947.094482421875,737109
3999.820556640625,737110
3954.1181640625,737111
4005.526611328125,737112
4142.52685546875,737113
3810.427490234375,737114
3882.6962890625,737115
3854.35791015625,737116
3851.04736328125,737117
3854.785400390625,737118
3859.583740234375,737119
3864.4150390625,737120
3847.17578125,737121
3761.55712890625,737122
3896.375,737123
3903.942626953125,737124
3911.484375,737125
3901.131591796875,737126
3963.313720703125,737127
3951.599853515625,737128
3905.227294921875,737129
3909.15625,737130
3906.71728515625,737131
3924.369140625,737132
3960.9111328125,737133
4048.725830078125,737134
4025.22900390625,737135
4032.50732421875,737136
4071.190185546875,737137
4087.476318359375,737138
4029.326904296875,737139
4023.96826171875,737140
4035.826416015625,737141
4022.168212890625,737142
3963.070556640625,737143
3985.080810546875,737144
4087.066162109375,737145
4069.107177734375,737146
4098.37451171875,737147
4106.66015625,737148
4105.404296875,737149
4158.18310546875,737150
4879.8779296875,737151
4973.02197265625,737152
4922.798828125,737153
5036.68115234375,737154
5059.8173828125,737155
5198.89697265625,737156
5289.77099609375,737157
5204.95849609375,737158
5324.5517578125,737159
5064.48779296875,737160
5089.5390625,737161
5096.58642578125,737162
5167.72216796875,737163
5067.1083984375,737164
5235.5595703125,737165
5251.93798828125,737166
5298.3857421875,737167
5303.8125,737168
5337.88623046875,737169
5314.53125,737170
5399.365234375,737171
5572.3623046875,737172
5464.86669921875,737173
5210.515625,737174
5279.34814453125,737175
5268.291015625,737176
5285.13916015625,737177
5247.3525390625,737178
5350.7265625,737179
5402.697265625,737180
5505.28369140625,737181
5768.28955078125,737182
5831.16748046875,737183
5795.70849609375,737184
5746.80712890625,737185
5829.50146484375,737186
5982.45751953125,737187
6174.52880859375,737188
6378.84912109375,737189
7204.771484375,737190
6972.37158203125,737191
7814.9150390625,737192
7994.416015625,737193
8205.16796875,737194
7884.9091796875,737195
7343.8955078125,737196
7271.2080078125,737197
8197.689453125,737198
7978.30908203125,737199
7963.32763671875,737200
7680.06640625,737201
7881.8466796875,737202
7987.37158203125,737203
8052.5439453125,737204
8673.2158203125,737205
8805.7783203125,737206
8719.9619140625,737207
8659.4873046875,737208
8319.47265625,737209
8574.501953125,737210
8564.0166015625,737211
8742.9580078125,737212
8208.9951171875,737213
7707.77099609375,737214
7824.2314453125,737215
7822.0234375,737216
8043.951171875,737217
7954.1279296875,737218
7688.0771484375,737219
8000.32958984375,737220
7927.71435546875,737221
8145.857421875,737222
8230.923828125,737223
8693.8330078125,737224
8838.375,737225
8994.48828125,737226
9320.3525390625,737227
9081.7626953125,737228
9273.521484375,737229
9527.16015625,737230
10144.556640625,737231
10701.69140625,737232
10855.37109375,737233
11011.1025390625,737234
11790.9169921875,737235
13016.2314453125,737236
11182.806640625,737237
12407.33203125,737238
11959.37109375,737239
10817.1552734375,737240
10583.134765625,737241
10801.677734375,737242
11961.26953125,737243
11215.4375,737244
10978.4599609375,737245
11208.55078125,737246
11450.8466796875,737247
12285.9580078125,737248
12573.8125,737249
12156.5126953125,737250
11358.662109375,737251
11815.986328125,737252
11392.37890625,737253
10256.05859375,737254
10895.08984375,737255
9477.6416015625,737256
9693.802734375,737257
10666.482421875,737258
10530.732421875,737259
10767.1396484375,737260
10599.10546875,737261
10343.1064453125,737262
9900.767578125,737263
9811.92578125,737264
9911.841796875,737265
9870.3037109375,737266
9477.677734375,737267
9552.8603515625,737268
9519.1455078125,737269
9607.423828125,737270
10085.6279296875,737271
10399.6689453125,737272
10518.1748046875,737273
10821.7265625,737274
10970.1845703125,737275
11805.6533203125,737276
11478.1689453125,737277
11941.96875,737278
11966.4072265625,737279
11862.9365234375,737280
11354.0244140625,737281
11523.5791015625,737282
11382.6162109375,737283
10895.830078125,737284
10051.7041015625,737285
10311.5458984375,737286
10374.3388671875,737287
10231.744140625,737288
10345.810546875,737289
10916.0537109375,737290
10763.232421875,737291
10138.0498046875,737292
10131.0556640625,737293
10407.96484375,737294
10159.9609375,737295
10138.517578125,737296
10370.8203125,737297
10185.5,737298
9754.4228515625,737299
9510.2001953125,737300
9598.173828125,737301
9630.6640625,737302
9757.970703125,737303
10346.7607421875,737304
10623.5400390625,737305
10594.4931640625,737306
10575.533203125,737307
10353.302734375,737308
10517.2548828125,737309
10441.2763671875,737310
10334.974609375,737311
10115.9755859375,737312
10178.3720703125,737313
10410.126953125,737314
10360.546875,737315
10358.048828125,737316
10347.712890625,737317
10276.7939453125,737318
10241.2724609375,737319
10198.248046875,737320
10266.4150390625,737321
10181.6416015625,737322
10019.716796875,737323
10070.392578125,737324
9729.32421875,737325
8620.56640625,737326
8486.9931640625,737327
8118.9677734375,737328
8251.845703125,737329
8245.9150390625,737330
8104.185546875,737331
8293.8681640625,737332
8343.2763671875,737333
8393.0419921875,737334
8259.9921875,737335
8205.939453125,737336
8151.50048828125,737337
7988.15576171875,737338
8245.623046875,737339
8228.783203125,737340
8595.740234375,737341
8586.4736328125,737342
8321.7568359375,737343
8336.5556640625,737344
8321.005859375,737345
8374.6865234375,737346
8205.369140625,737347
8047.52685546875,737348
8103.9111328125,737349
7973.20751953125,737350
7988.560546875,737351
8222.078125,737352
8243.720703125,737353
8078.203125,737354
7514.671875,737355
7493.48876953125,737356
8660.7001953125,737357
9244.97265625,737358
9551.71484375,737359
9256.1484375,737360
9427.6875,737361
9205.7265625,737362
9199.5849609375,737363
9261.1044921875,737364
9324.7177734375,737365
9235.3544921875,737366
9412.6123046875,737367
9342.52734375,737368
9360.8798828125,737369
9267.5615234375,737370
8804.880859375,737371
8813.58203125,737372
9055.5263671875,737373
8757.7880859375,737374
8815.662109375,737375
8808.2626953125,737376
8708.0947265625,737377
8491.9921875,737378
8550.7607421875,737379
8577.9755859375,737380
8309.2861328125,737381
8206.1455078125,737382
8027.26806640625,737383
7642.75,737384
7296.57763671875,737385
7397.796875,737386
7047.9169921875,737387
7146.1337890625,737388
7218.37109375,737389
7531.66357421875,737390
7463.10595703125,737391
7761.24365234375,737392
7569.6298828125,737393
7424.29248046875,737394
7321.98828125,737395
7320.1455078125,737396
7252.03466796875,737397
7448.3076171875,737398
7546.99658203125,737399
7556.23779296875,737400
7564.34521484375,737401
7400.8994140625,737402
7278.11962890625,737403
7217.42724609375,737404
7243.13427734375,737405
7269.6845703125,737406
7124.673828125,737407
7152.3017578125,737408
6932.48046875,737409
6640.51513671875,737410
7276.802734375,737411
7202.84423828125,737412
7218.81640625,737413
7191.15869140625,737414
7511.5888671875,737415
7355.62841796875,737416
7322.5322265625,737417
7275.15576171875,737418
7238.966796875,737419
7290.08837890625,737420
7317.990234375,737421
7422.65283203125,737422
7292.9951171875,737423
7193.59912109375,737424
7200.17431640625,737425
6985.47021484375,737426
7344.88427734375,737427
7410.65673828125,737428
7411.3173828125,737429
7769.21923828125,737430
8163.6923828125,737431
8079.86279296875,737432
7879.0712890625,737433
8166.55419921875,737434
8037.53759765625,737435
8192.494140625,737436
8144.1943359375,737437
8827.7646484375,737438
8807.0107421875,737439
8723.7861328125,737440
8929.0380859375,737441
8942.80859375,737442
8706.2451171875,737443
8657.642578125,737444
8745.89453125,737445
8680.8759765625,737446
8406.515625,737447
8445.4345703125,737448
8367.84765625,737449
8596.830078125,737450
8909.8193359375,737451
9358.58984375,737452
9316.6298828125,737453
9508.9931640625,737454
9350.529296875,737455
9392.875,737456
9344.365234375,737457
9293.521484375,737458
9180.962890625,737459
9613.423828125,737460
9729.8017578125,737461
9795.943359375,737462
9865.119140625,737463
10116.673828125,737464
9856.611328125,737465
10208.236328125,737466
10326.0546875,737467
10214.3798828125,737468
10312.1162109375,737469
9889.4248046875,737470
9934.43359375,737471
9690.142578125,737472
10141.99609375,737473
9633.38671875,737474
9608.4755859375,737475
9686.44140625,737476
9663.181640625,737477
9924.515625,737478
9650.1748046875,737479
9341.705078125,737480
8820.5224609375,737481
8784.494140625,737482
8672.455078125,737483
8599.5087890625,737484
8562.4541015625,737485
8869.669921875,737486
8787.7861328125,737487
8755.24609375,737488
9078.7626953125,737489
9122.5458984375,737490
8909.9541015625,737491
8108.1162109375,737492
7923.64453125,737493
7909.7294921875,737494
7911.43017578125,737495
4970.7880859375,737496
5563.70703125,737497
5200.3662109375,737498
5392.31494140625,737499
5014.47998046875,737500
5225.62939453125,737501
5238.4384765625,737502
6191.19287109375,737503
6198.7783203125,737504
6185.06640625,737505
5830.2548828125,737506
6416.31494140625,737507
6734.8037109375,737508
6681.06298828125,737509
6716.4404296875,737510
6469.79833984375,737511
6242.19384765625,737512
5922.04296875,737513
6429.841796875,737514
6438.64453125,737515
6606.7763671875,737516
6793.62451171875,737517
6733.38720703125,737518
6867.52734375,737519
6791.12939453125,737520
7271.78125,737521
7176.41455078125,737522
7334.0986328125,737523
7302.08935546875,737524
6865.4931640625,737525
6859.0830078125,737526
6971.091796875,737527
6845.03759765625,737528
6842.427734375,737529
6642.10986328125,737530
7116.80419921875,737531
7096.1845703125,737532
7257.6650390625,737533
7189.4248046875,737534
6881.95849609375,737535
6880.3232421875,737536
7117.20751953125,737537
7429.724609375,737538
7550.90087890625,737539
7569.93603515625,737540
7679.8671875,737541
7795.60107421875,737542
7807.05859375,737543
8801.0380859375,737544
8658.5537109375,737545
8864.7666015625,737546
8988.5966796875,737547
8897.46875,737548
8912.654296875,737549
9003.0703125,737550
9268.76171875,737551
9951.5185546875,737552
9842.666015625,737553
9593.896484375,737554
8756.4306640625,737555
8601.7958984375,737556
8804.4775390625,737557
9269.9873046875,737558
9733.7216796875,737559
9328.197265625,737560
9377.013671875,737561
9670.7392578125,737562
9726.5751953125,737563
9729.0380859375,737564
9522.9814453125,737565
9081.76171875,737566
9182.5771484375,737567
9209.287109375,737568
8790.3681640625,737569
8906.9345703125,737570
8835.052734375,737571
9181.017578125,737572
9525.7509765625,737573
9439.1240234375,737574
9700.4140625,737575
9461.05859375,737576
10167.2685546875,737577
9529.8037109375,737578
9656.7177734375,737579
9800.63671875,737580
9665.533203125,737581
9653.6796875,737582
9758.8525390625,737583
9771.4892578125,737584
9795.7001953125,737585
9870.0947265625,737586
9321.78125,737587
9480.84375,737588
9475.27734375,737589
9386.7880859375,737590
9450.7021484375,737591
9538.0244140625,737592
9480.2548828125,737593
9411.8408203125,737594
9288.0185546875,737595
9332.3408203125,737596
9303.6298828125,737597
9648.7177734375,737598
9629.658203125,737599
9313.6103515625,737600
9264.8134765625,737601
9162.91796875,737602
9045.390625,737603
9143.58203125,737604
9190.8544921875,737605
9137.9931640625,737606
9228.3251953125,737607
9123.41015625,737608
9087.3037109375,737609
9132.48828125,737610
9073.9423828125,737611
9375.474609375,737612
9252.27734375,737613
9428.3330078125,737614
9277.9677734375,737615
9278.8076171875,737616
9240.3466796875,737617
9276.5,737618
9243.6142578125,737619
9243.2138671875,737620
9192.8369140625,737621
9132.2275390625,737622
9151.392578125,737623
9159.0400390625,737624
9185.8173828125,737625
9164.2314453125,737626
9374.8876953125,737627
9525.36328125,737628
9581.072265625,737629
9536.892578125,737630
9677.11328125,737631
9905.1669921875,737632
10990.873046875,737633
10912.8232421875,737634
11100.4677734375,737635
11111.2138671875,737636
11323.466796875,737637
11759.5927734375,737638
11053.6142578125,737639
11246.3486328125,737640
11205.892578125,737641
11747.0224609375,737642
11779.7734375,737643
11601.47265625,737644
11754.0458984375,737645
11675.7392578125,737646
11878.111328125,737647
11410.525390625,737648
11584.9345703125,737649
11784.1376953125,737650
11768.87109375,737651
11865.6982421875,737652
11892.8037109375,737653
12254.40234375,737654
11991.2333984375,737655
11758.283203125,737656
11878.3720703125,737657
11592.4892578125,737658
11681.8251953125,737659
11664.84765625,737660
11774.595703125,737661
11366.134765625,737662
11488.36328125,737663
11323.3974609375,737664
11542.5,737665
11506.865234375,737666
11711.505859375,737667
11680.8203125,737668
11970.478515625,737669
11414.0341796875,737670
10245.296875,737671
10511.8134765625,737672
10169.5673828125,737673
10280.3515625,737674
10369.5634765625,737675
10131.5166015625,737676
10242.34765625,737677
10363.138671875,737678
10400.9150390625,737679
10442.1708984375,737680
10323.755859375,737681
10680.837890625,737682
10796.951171875,737683
10974.9052734375,737684
10948.990234375,737685
10944.5859375,737686
11094.3466796875,737687
10938.271484375,737688
10462.259765625,737689
10538.4599609375,737690
10246.1865234375,737691
10760.06640625,737692
10692.716796875,737693
10750.7236328125,737694
10775.26953125,737695
10709.65234375,737696
10844.640625,737697
10784.4912109375,737698
10619.4521484375,737699
10575.974609375,737700
10549.3291015625,737701
10669.5830078125,737702
10793.33984375,737703
10604.40625,737704
10668.96875,737705
10915.685546875,737706
11064.4580078125,737707
11296.361328125,737708
11384.181640625,737709
11555.36328125,737710
11425.8994140625,737711
11429.5068359375,737712
11495.349609375,737713
11322.123046875,737714
11358.1015625,737715
11483.359375,737716
11742.037109375,737717
11916.3349609375,737718
12823.689453125,737719
12965.8916015625,737720
12931.5390625,737721
13108.0625,737722
13031.173828125,737723
13075.248046875,737724
13654.21875,737725
13271.28515625,737726
13437.8828125,737727
13546.5224609375,737728
13780.9951171875,737729
13737.109375,737730
13550.4892578125,737731
13950.30078125,737732
14133.70703125,737733
15579.8486328125,737734
15565.880859375,737735
14833.75390625,737736
15479.5673828125,737737
15332.3154296875,737738
15290.90234375,737739
15701.33984375,737740
16276.34375,737741
16317.80859375,737742
16068.138671875,737743
15955.587890625,737744
16716.111328125,737745
17645.40625,737746
17804.005859375,737747
17817.08984375,737748
18621.314453125,737749
18642.232421875,737750
18370.001953125,737751
18364.12109375,737752
19107.46484375,737753
18732.12109375,737754
17150.623046875,737755
17108.40234375,737756
17717.4140625,737757
18177.484375,737758
19625.8359375,737759
18802.998046875,737760
19201.091796875,737761
19445.3984375,737762
18699.765625,737763
19154.23046875,737764
19345.12109375,737765
19191.630859375,737766
18321.14453125,737767
18553.916015625,737768
18264.9921875,737769
18058.904296875,737770
18803.65625,737771
19142.3828125,737772
19246.64453125,737773
19417.076171875,737774
21310.59765625,737775
22805.162109375,737776
23137.9609375,737777
23869.83203125,737778
23477.294921875,737779
22803.08203125,737780
23783.029296875,737781
23241.345703125,737782
23735.94921875,737783
24664.791015625,737784
26437.037109375,737785
26272.294921875,737786
27084.80859375,737787
27362.4375,737788
28840.953125,737789
29001.720703125,737790
29374.15234375,737791
32127.267578125,737792
32782.0234375,737793
31971.9140625,737794
33992.4296875,737795
36824.36328125,737796
39371.04296875,737797
40797.609375,737798
40254.546875,737799
38356.44140625,737800
35566.65625,737801
33922.9609375,737802
37316.359375,737803
39187.328125,737804
36825.3671875,737805
36178.140625,737806
35791.27734375,737807
36630.07421875,737808
36069.8046875,737809
35547.75,737810
30825.69921875,737811
33005.76171875,737812
32067.642578125,737813
32289.37890625,737814
32366.392578125,737815
32569.849609375,737816
30432.546875,737817
33466.09765625,737818
34316.38671875,737819
34269.5234375,737820
33114.359375,737821
33537.17578125,737822
35510.2890625,737823
37472.08984375,737824
36926.06640625,737825
38144.30859375,737826
39266.01171875,737827
38903.44140625,737828
46196.46484375,737829
46481.10546875,737830
44918.18359375,737831
47909.33203125,737832
47504.8515625,737833
47105.515625,737834
48717.2890625,737835
47945.05859375,737836
49199.87109375,737837
52149.0078125,737838
51679.796875,737839
55888.1328125,737840
56099.51953125,737841
57539.9453125,737842
54207.3203125,737843
48824.42578125,737844
49705.33203125,737845
47093.8515625,737846
46339.76171875,737847
46188.453125,737848
45137.76953125,737849
49631.2421875,737850
48378.98828125,737851
50538.2421875,737852
48561.16796875,737853
48927.3046875,737854
48912.3828125,737855
51206.69140625,737856
52246.5234375,737857
54824.1171875,737858
56008.55078125,737859
57805.12109375,737860
57332.08984375,737861
61243.0859375,737862
59302.31640625,737863
55907.19921875,737864
56804.90234375,737865
58870.89453125,737866
57858.921875,737867
58346.65234375,737868
58313.64453125,737869
57523.421875,737870
54529.14453125,737871
54738.9453125,737872
52774.265625,737873
51704.16015625,737874
55137.3125,737875
55973.51171875,737876
55950.74609375,737877
57750.19921875,737878
58917.69140625,737879
58918.83203125,737880
59095.80859375,737881
59384.3125,737882
57603.890625,737883
58758.5546875,737884
59057.87890625,737885
58192.359375,737886
56048.9375,737887
58323.953125,737888
58245.00390625,737889
59793.234375,737890
60204.96484375,737891
59893.453125,737892
63503.45703125,737893
63109.6953125,737894
63314.01171875,737895
61572.7890625,737896
60683.8203125,737897
56216.18359375,737898
55724.265625,737899
56473.03125,737900
53906.08984375,737901
51762.2734375,737902
51093.65234375,737903
50050.8671875,737904
49004.25390625,737905
54021.75390625,737906
55033.1171875,737907
54824.703125,737908
53555.109375,737909
57750.17578125,737910
57828.05078125,737911
56631.078125,737912
57200.29296875,737913
53333.5390625,737914
57424.0078125,737915
56396.515625,737916
57356.40234375,737917
58803.77734375,737918
58232.31640625,737919
55859.796875,737920
56704.57421875,737921
49150.53515625,737922
49716.19140625,737923
49880.53515625,737924
46760.1875,737925
46456.05859375,737926
43537.51171875,737927
42909.40234375,737928
37002.44140625,737929
40782.73828125,737930
37304.69140625,737931
37536.6328125,737932
34770.58203125,737933
38705.98046875,737934
38402.22265625,737935
39294.19921875,737936
38436.96875,737937
35697.60546875,737938
34616.06640625,737939
35678.12890625,737940
37332.85546875,737941
36684.92578125,737942
37575.1796875,737943
39208.765625,737944
36894.40625,737945
35551.95703125,737946
35862.37890625,737947
33560.70703125,737948
33472.6328125,737949
37345.12109375,737950
36702.59765625,737951
37334.3984375,737952
35552.515625,737953
39097.859375,737954
40218.4765625,737955
40406.26953125,737956
38347.0625,737957
38053.50390625,737958
35787.24609375,737959
35615.87109375,737960
35698.296875,737961
31676.693359375,737962
32505.66015625,737963
33723.02734375,737964
34662.4375,737965
31637.779296875,737966
32186.27734375,737967
34649.64453125,737968
34434.3359375,737969
35867.77734375,737970
35040.8359375,737971
33572.1171875,737972
33897.046875,737973
34668.546875,737974
35287.78125,737975
33746.00390625,737976
34235.1953125,737977
33855.328125,737978
32877.37109375,737979
33798.01171875,737980
33520.51953125,737981
34240.1875,737982
33155.84765625,737983
32702.025390625,737984
32822.34765625,737985
31780.73046875,737986
31421.5390625,737987
31533.068359375,737988
31796.810546875,737989
30817.83203125,737990
29807.34765625,737991
32110.693359375,737992
32313.10546875,737993
33581.55078125,737994
34292.4453125,737995
35350.1875,737996
37337.53515625,737997
39406.94140625,737998
39995.90625,737999
40008.421875,738000
42235.546875,738001
41626.1953125,738002
39974.89453125,738003
39201.9453125,738004
38152.98046875,738005
39747.50390625,738006
40869.5546875,738007
42816.5,738008
44555.80078125,738009
43798.1171875,738010
46365.40234375,738011
45585.03125,738012
45593.63671875,738013
44428.2890625,738014
47793.3203125,738015
47096.9453125,738016
47047.00390625,738017
46004.484375,738018
44695.359375,738019
44801.1875,738020
46717.578125,738021
49339.17578125,738022
48905.4921875,738023
49321.65234375,738024
49546.1484375,738025
47706.1171875,738026
48960.7890625,738027
46942.21875,738028
49058.66796875,738029
48902.40234375,738030
48829.83203125,738031
47054.984375,738032
47166.6875,738033
48847.02734375,738034
49327.72265625,738035
50025.375,738036
49944.625,738037
51753.41015625,738038
52633.53515625,738039
46811.12890625,738040
46091.390625,738041
46391.421875,738042
44883.91015625,738043
45201.45703125,738044
46063.26953125,738045
44963.07421875,738046
47092.4921875,738047
48176.34765625,738048
47783.359375,738049
47267.51953125,738050
48278.36328125,738051
47260.21875,738052
42843.80078125,738053
40693.67578125,738054
43574.5078125,738055
44895.09765625,738056
42839.75,738057
42716.59375,738058
43208.5390625,738059
42235.73046875,738060
41034.54296875,738061
41564.36328125,738062
43790.89453125,738063
48116.94140625,738064
47711.48828125,738065
48199.953125,738066
49112.90234375,738067
51514.8125,738068
55361.44921875,738069
53805.984375,738070
53967.84765625,738071
54968.22265625,738072
54771.578125,738073
57484.7890625,738074
56041.05859375,738075
57401.09765625,738076
57321.5234375,738077
61593.94921875,738078
60892.1796875,738079
61553.6171875,738080
62026.078125,738081
64261.9921875,738082
65992.8359375,738083
62210.171875,738084
60692.265625,738085
61393.6171875,738086
60930.8359375,738087
63039.82421875,738088
60363.79296875,738089
58482.38671875,738090
60622.13671875,738091
62227.96484375,738092
61888.83203125,738093
61318.95703125,738094
61004.40625,738095
63226.40234375,738096
62970.046875,738097
61452.23046875,738098
61125.67578125,738099
61527.48046875,738100
63326.98828125,738101
67566.828125,738102
66971.828125,738103
64995.23046875,738104
64949.9609375,738105
64155.94140625,738106
64469.52734375,738107
65466.83984375,738108
63557.87109375,738109
60161.24609375,738110
60368.01171875,738111
56942.13671875,738112
58119.578125,738113
59697.1953125,738114
58730.4765625,738115
56289.2890625,738116
57569.07421875,738117
56280.42578125,738118
57274.6796875,738119
53569.765625,738120
54815.078125,738121
57248.45703125,738122
57806.56640625,738123
57005.42578125,738124
57229.828125,738125
56477.81640625,738126
53598.24609375,738127
49200.703125,738128
49368.84765625,738129
50582.625,738130
50700.0859375,738131
50504.796875,738132
47672.12109375,738133
47243.3046875,738134
49362.5078125,738135
50098.3359375,738136
46737.48046875,738137
46612.6328125,738138
48896.72265625,738139
47665.42578125,738140
46202.14453125,738141
46848.77734375,738142
46707.015625,738143
46880.27734375,738144
48936.61328125,738145
48628.51171875,738146
50784.5390625,738147
50822.1953125,738148
50429.859375,738149
50809.515625,738150
50640.41796875,738151
47588.85546875,738152
46444.7109375,738153
47178.125,738154
46306.4453125,738155
47686.8125,738156
47345.21875,738157
46458.1171875,738158
45897.57421875,738159
43569.00390625,738160
43160.9296875,738161
41557.90234375,738162
41733.94140625,738163
41911.6015625,738164
41821.26171875,738165
42735.85546875,738166
43949.1015625,738167
42591.5703125,738168
43099.69921875,738169
43177.3984375,738170
43113.87890625,738171
42250.55078125,738172
42375.6328125,738173
41744.328125,738174
40680.41796875,738175
36457.31640625,738176
35030.25,738177
36276.8046875,738178
36654.328125,738179
36954.00390625,738180
36852.12109375,738181
37138.234375,738182
37784.33203125,738183
38138.1796875,738184
37917.6015625,738185
38483.125,738186
38743.2734375,738187
36952.984375,738188
37154.6015625,738189
41500.875,738190
41441.1640625,738191
42412.43359375,738192
43840.28515625,738193
44118.4453125,738194
44338.796875,738195
43565.11328125,738196
42407.9375,738197
42244.46875,738198
42197.515625,738199
42586.91796875,738200
44575.203125,738201
43961.859375,738202
40538.01171875,738203
40030.9765625,738204
40122.15625,738205
38431.37890625,738206
37075.28125,738207
38286.02734375,738208
37296.5703125,738209
38332.609375,738210
39214.21875,738211
39105.1484375,738212
37709.78515625,738213
43193.234375,738214
44354.63671875,738215
43924.1171875,738216
42451.7890625,738217
39137.60546875,738218
39400.5859375,738219
38419.984375,738220
38062.0390625,738221
38737.26953125,738222
41982.92578125,738223
39437.4609375,738224
38794.97265625,738225
38904.01171875,738226
37849.6640625,738227
39666.75390625,738228
39338.78515625,738229
41143.9296875,738230
40951.37890625,738231
41801.15625,738232
42190.65234375,738233
41247.82421875,738234
41077.99609375,738235
42358.80859375,738236
42892.95703125,738237
43960.93359375,738238
44348.73046875,738239
44500.828125,738240
46820.4921875,738241
47128.00390625,738242
47465.73046875,738243
47062.6640625,738244
45538.67578125,738245
46281.64453125,738246
45868.94921875,738247
46453.56640625,738248
46622.67578125,738249
45555.9921875,738250
43206.73828125,738251
43503.84765625,738252
42287.6640625,738253
42782.13671875,738254
42207.671875,738255
39521.90234375,738256
40127.18359375,738257
41166.73046875,738258
39935.515625,738259
40553.46484375,738260
40424.484375,738261
39716.953125,738262
40826.21484375,738263
41502.75,738264
41374.37890625,738265
40527.36328125,738266
39740.3203125,738267
39486.73046875,738268
39469.29296875,738269
40458.30859375,738270
38117.4609375,738271
39241.12109375,738272
39773.828125,738273
38609.82421875,738274
37714.875,738275
38469.09375,738276
38529.328125,738277
37750.453125,738278
39698.37109375,738279
36575.140625,738280
36040.921875,738281
35501.953125,738282
34059.265625,738283
30296.953125,738284
31022.90625,738285
28936.35546875,738286
29047.751953125,738287
29283.103515625,738288
30101.265625,738289
31305.11328125,738290
29862.91796875,738291
30425.857421875,738292
28720.271484375,738293
30314.333984375,738294
29200.740234375,738295
29432.2265625,738296
30323.72265625,738297
29098.91015625,738298
29655.5859375,738299
29562.361328125,738300
29267.224609375,738301
28627.57421875,738302
28814.900390625,738303
29445.95703125,738304
31726.390625,738305
31792.310546875,738306
29799.080078125,738307
30467.48828125,738308
29704.390625,738309
29832.9140625,738310
29906.662109375,738311
31370.671875,738312
31155.478515625,738313
30214.35546875,738314
30111.998046875,738315
29083.8046875,738316
28360.810546875,738317
26762.6484375,738318
22487.388671875,738319
22206.79296875,738320
22572.83984375,738321
20381.650390625,738322
20471.482421875,738323
19017.642578125,738324
20553.271484375,738325
20599.537109375,738326
20710.59765625,738327
19987.029296875,738328
21085.876953125,738329
21231.65625,738330
21502.337890625,738331
21027.294921875,738332
20735.478515625,738333
20280.634765625,738334
20104.0234375,738335
19784.7265625,738336
19269.3671875,738337
19242.255859375,738338
19297.076171875,738339
20231.26171875,738340
20190.115234375,738341
20548.24609375,738342
21637.587890625,738343
21731.1171875,738344
21592.20703125,738345
20860.44921875,738346
19970.556640625,738347
19323.9140625,738348
20212.07421875,738349
20569.919921875,738350
20836.328125,738351
21190.31640625,738352
20779.34375,738353
22485.689453125,738354
23389.43359375,738355
23231.732421875,738356
23164.62890625,738357
22714.978515625,738358
22465.478515625,738359
22609.1640625,738360
21361.701171875,738361
21239.75390625,738362
22930.548828125,738363
23843.88671875,738364
23804.6328125,738365
23656.20703125,738366
23336.896484375,738367
23314.19921875,738368
22978.1171875,738369
22846.5078125,738370
22630.95703125,738371
23289.314453125,738372
22961.279296875,738373
23175.890625,738374
23809.486328125,738375
23164.318359375,738376
23947.642578125,738377
23957.529296875,738378
24402.818359375,738379
24424.068359375,738380
24319.333984375,738381
24136.97265625,738382
23883.291015625,738383
23335.998046875,738384
23212.73828125,738385
20877.552734375,738386
21166.060546875,738387
21534.12109375,738388
21398.908203125,738389
21528.087890625,738390
21395.01953125,738391
21600.904296875,738392
20260.01953125,738393
20041.73828125,738394
19616.814453125,738395
20297.994140625,738396
19796.80859375,738397
20049.763671875,738398
20127.140625,738399
19969.771484375,738400
19832.087890625,738401
19986.712890625,738402
19812.37109375,738403
18837.66796875,738404
19290.32421875,738405
19329.833984375,738406
21381.15234375,738407
21680.5390625,738408
21769.255859375,738409
22370.44921875,738410
20296.70703125,738411
20241.08984375,738412
19701.2109375,738413
19772.583984375,738414
20127.576171875,738415
19419.505859375,738416
19544.12890625,738417
18890.7890625,738418
18547.400390625,738419
19413.55078125,738420
19297.638671875,738421
18937.01171875,738422
18802.09765625,738423
19222.671875,738424
19110.546875,738425
19426.720703125,738426
19573.05078125,738427
19431.7890625,738428
19312.095703125,738429
19044.107421875,738430
19623.580078125,738431
20336.84375,738432
20160.716796875,738433
19955.443359375,738434
19546.849609375,738435
19416.568359375,738436
19446.42578125,738437
19141.484375,738438
19051.41796875,738439
19157.4453125,738440
19382.904296875,738441
19185.65625,738442
19067.634765625,738443
19268.09375,738444
19550.7578125,738445
19334.416015625,738446
19139.53515625,738447
19053.740234375,738448
19172.46875,738449
19208.189453125,738450
19567.0078125,738451
19345.572265625,738452
20095.857421875,738453
20770.44140625,738454
20285.8359375,738455
20595.3515625,738456
20818.4765625,738457
20635.603515625,738458
20495.7734375,738459
20485.2734375,738460
20159.50390625,738461
20209.98828125,738462
21147.23046875,738463
21282.69140625,738464
20926.486328125,738465
20602.81640625,738466
18541.271484375,738467
15880.7802734375,738468
17586.771484375,738469
17034.29296875,738470
16799.185546875,738471
16353.365234375,738472
16618.19921875,738473
16884.61328125,738474
16669.439453125,738475
16687.517578125,738476
16697.77734375,738477
16711.546875,738478
16291.83203125,738479
15787.2841796875,738480
16189.76953125,738481
16610.70703125,738482
16604.46484375,738483
16521.841796875,738484
16464.28125,738485
16444.626953125,738486
16217.322265625,738487
16444.982421875,738488
17168.56640625,738489
16967.1328125,738490
17088.66015625,738491
16908.236328125,738492
17130.486328125,738493
16974.826171875,738494
17089.50390625,738495
16848.126953125,738496
17233.474609375,738497
17133.15234375,738498
17128.724609375,738499
17104.193359375,738500
17206.4375,738501
17781.318359375,738502
17815.650390625,738503
17364.865234375,738504
16647.484375,738505
16795.091796875,738506
16757.9765625,738507
16439.6796875,738508
16906.3046875,738509
16817.53515625,738510
16830.341796875,738511
16796.953125,738512
16847.755859375,738513
16841.986328125,738514
16919.8046875,738515
16717.173828125,738516
16552.572265625,738517
16642.341796875,738518
16602.5859375,738519
16547.49609375,738520
16625.080078125,738521
16688.470703125,738522
16679.857421875,738523
16863.23828125,738524
16836.736328125,738525
16951.96875,738526
16955.078125,738527
17091.14453125,738528
17196.5546875,738529
17446.29296875,738530
17934.896484375,738531
18869.587890625,738532
19909.57421875,738533
20976.298828125,738534
20880.798828125,738535
21169.6328125,738536
21161.51953125,738537
20688.78125,738538
21086.79296875,738539
22676.552734375,738540
22777.625,738541
22720.416015625,738542
22934.431640625,738543
22636.46875,738544
23117.859375,738545
23032.77734375,738546
23078.728515625,738547
23031.08984375,738548
23774.56640625,738549
22840.138671875,738550
23139.283203125,738551
23723.76953125,738552
23471.87109375,738553
23449.322265625,738554
23331.84765625,738555
22955.666015625,738556
22760.109375,738557
23264.291015625,738558
22939.3984375,738559
21819.0390625,738560
21651.18359375,738561
21870.875,738562
21788.203125,738563
21808.1015625,738564
22220.8046875,738565
24307.841796875,738566
23623.474609375,738567
24565.6015625,738568
24641.27734375,738569
24327.642578125,738570
24829.1484375,738571
24436.353515625,738572
24188.84375,738573
23947.4921875,738574
23198.126953125,738575
23175.375,738576
23561.212890625,738577
23522.87109375,738578
23147.353515625,738579
23646.55078125,738580
23475.466796875,738581
22362.6796875,738582
22353.349609375,738583
22435.513671875,738584
22429.7578125,738585
22219.76953125,738586
21718.080078125,738587
20363.021484375,738588
20187.244140625,738589
20632.41015625,738590
22163.94921875,738591
24197.533203125,738592
24746.07421875,738593
24375.9609375,738594
25052.7890625,738595
27423.9296875,738596
26965.87890625,738597
28038.67578125,738598
27767.236328125,738599
28175.81640625,738600
27307.4375,738601
28333.97265625,738602
27493.28515625,738603
27494.70703125,738604
27994.330078125,738605
27139.888671875,738606
27268.130859375,738607
28348.44140625,738608
28033.5625,738609
28478.484375,738610
28411.03515625,738611
28199.30859375,738612
27790.220703125,738613
28168.08984375,738614
28177.984375,738615
28044.140625,738616
27925.859375,738617
27947.794921875,738618
28333.05078125,738619
29652.98046875,738620
30235.05859375,738621
30139.052734375,738622
30399.06640625,738623
30485.69921875,738624
30318.49609375,738625
30315.35546875,738626
29445.044921875,738627
30397.552734375,738628
28822.6796875,738629
28245.98828125,738630
27276.91015625,738631
27817.5,738632
27591.384765625,738633
27525.33984375,738634
28307.59765625,738635
28422.701171875,738636
29473.787109375,738637
29340.26171875,738638
29248.48828125,738639
29268.806640625,738640
28091.568359375,738641
28680.537109375,738642
29006.30859375,738643
28847.7109375,738644
29534.384765625,738645
28904.623046875,738646
28454.978515625,738647
27694.2734375,738648
27658.775390625,738649
27621.755859375,738650
27000.7890625,738651
26804.990234375,738652
26784.078125,738653
26930.638671875,738654
27192.693359375,738655
27036.650390625,738656
27398.802734375,738657
26832.208984375,738658
26890.12890625,738659
27129.5859375,738660
26753.826171875,738661
26851.27734375,738662
27225.7265625,738663
26334.818359375,738664
26476.20703125,738665
26719.291015625,738666
26868.353515625,738667
28085.646484375,738668
27745.884765625,738669
27702.349609375,738670
27219.658203125,738671
26819.97265625,738672
27249.58984375,738673
27075.12890625,738674
27119.06640625,738675
25760.09765625,738676
27238.783203125,738677
26345.998046875,738678
26508.216796875,738679
26480.375,738680
25851.240234375,738681
25940.16796875,738682
25902.5,738683
25918.728515625,738684
25124.67578125,738685
25576.39453125,738686
26327.462890625,738687
26510.67578125,738688
26336.212890625,738689
26851.029296875,738690
28327.48828125,738691
30027.296875,738692
29912.28125,738693
30695.46875,738694
30548.6953125,738695
30480.26171875,738696
30271.130859375,738697
30688.1640625,738698
30086.24609375,738699
30445.3515625,738700
30477.251953125,738701
30590.078125,738702
30620.76953125,738703
31156.439453125,738704
30777.58203125,738705
30514.166015625,738706
29909.337890625,738707
30342.265625,738708
30292.541015625,738709
30171.234375,738710
30414.470703125,738711
30620.951171875,738712
30391.646484375,738713
31476.048828125,738714
30334.068359375,738715
30295.806640625,738716
30249.1328125,738717
30145.888671875,738718
29856.5625,738719
29913.923828125,738720
29792.015625,738721
29908.744140625,738722
29771.802734375,738723
30084.5390625,738724
29176.916015625,738725
29227.390625,738726
29354.97265625,738727
29210.689453125,738728
29319.24609375,738729
29356.91796875,738730
29275.30859375,738731
29230.111328125,738732
29675.732421875,738733
29151.958984375,738734
29178.6796875,738735
29074.091796875,738736
29042.126953125,738737
29041.85546875,738738
29180.578125,738739
29765.4921875,738740
29561.494140625,738741
29429.591796875,738742
29397.71484375,738743
29415.96484375,738744
29282.9140625,738745
29408.443359375,738746
29170.34765625,738747
28701.779296875,738748
26664.55078125,738749
26049.556640625,738750
26096.205078125,738751
26189.583984375,738752
26124.140625,738753
26031.65625,738754
26431.640625,738755
26162.373046875,738756
26047.66796875,738757
26008.462890625,738758
26089.693359375,738759
26106.150390625,738760
27727.392578125,738761
27297.265625,738762
25931.47265625,738763
25800.724609375,738764
25868.798828125,738765
25969.56640625,738766
25812.416015625,738767
25779.982421875,738768
25753.236328125,738769
26240.1953125,738770
25905.654296875,738771
25895.677734375,738772
25832.2265625,738773
25162.654296875,738774
25833.34375,738775
26228.32421875,738776
26539.673828125,738777
26608.693359375,738778
26568.28125,738779
26534.1875,738780
26754.28125,738781
27211.1171875,738782
27132.0078125,738783
26567.6328125,738784
26579.568359375,738785
26579.390625,738786
26256.826171875,738787
26298.48046875,738788
26217.25,738789
26352.716796875,738790
27021.546875,738791
26911.720703125,738792
26967.916015625,738793
27983.75,738794
27530.78515625,738795
27429.978515625,738796
27799.39453125,738797
27415.912109375,738798
27946.59765625,738799
27968.83984375,738800
27935.08984375,738801
27583.677734375,738802
27391.01953125,738803
26873.3203125,738804
26756.798828125,738805
26862.375,738806
26861.70703125,738807
27159.65234375,738808
28519.466796875,738809
28415.748046875,738810
28328.341796875,738811
28719.806640625,738812
29682.94921875,738813
29918.412109375,738814
29993.896484375,738815
33086.234375,738816
33901.52734375,738817
34502.8203125,738818
34156.6484375,738819
33909.80078125,738820
34089.57421875,738821
34538.48046875,738822
34502.36328125,738823
34667.78125,738824
35437.25390625,738825
34938.2421875,738826
34732.32421875,738827
35082.1953125,738828
35049.35546875,738829
35037.37109375,738830
35443.5625,738831
35655.27734375,738832
36693.125,738833
37313.96875,738834
37138.05078125,738835
37054.51953125,738836
36502.35546875,738837
35537.640625,738838
37880.58203125,738839
36154.76953125,738840
36596.68359375,738841
36585.703125,738842
37386.546875,738843
37476.95703125,738844
35813.8125,738845
37432.33984375,738846
37289.62109375,738847
37720.28125,738848
37796.79296875,738849
37479.12109375,738850
37254.16796875,738851
37831.0859375,738852
37858.4921875,738853
37712.74609375,738854
38688.75,738855
39476.33203125,738856
39978.390625,738857
41980.09765625,738858
44080.6484375,738859
43746.4453125,738860
43292.6640625,738861
44166.6015625,738862
43725.984375,738863
43779.69921875,738864
41243.83203125,738865
41450.22265625,738866
42890.7421875,738867
43023.97265625,738868
41929.7578125,738869
42240.1171875,738870
41364.6640625,738871
42623.5390625,738872
42270.52734375,738873
43652.25,738874
43869.15234375,738875
43997.90234375,738876
43739.54296875,738877
43016.1171875,738878
43613.140625,738879
42520.40234375,738880
43442.85546875,738881
42627.85546875,738882
42099.40234375,738883
42156.90234375,738884
42265.1875,738885
44167.33203125,738886
44957.96875,738887
42848.17578125,738888
44179.921875,738889
44162.69140625,738890
43989.1953125,738891
43943.09765625,738892
46970.50390625,738893
46139.73046875,738894
46627.77734375,738895
46368.5859375,738896
42853.16796875,738897
42842.3828125,738898
41796.26953125,738899
42511.96875,738900
43154.9453125,738901
42742.65234375,738902
41262.05859375,738903
41618.40625,738904
41665.5859375,738905
41545.78515625,738906
39507.3671875,738907
39845.55078125,738908
40077.07421875,738909
39933.80859375,738910
41816.87109375,738911
42120.0546875,738912
42035.59375,738913
43288.24609375,738914
42952.609375,738915
42582.60546875,738916
43075.7734375,738917
43185.859375,738918
42992.25,738919
42583.58203125,738920
42658.66796875,738921
43084.671875,738922
44318.22265625,738923
45301.56640625,738924
47147.19921875,738925
47771.27734375,738926
48293.91796875,738927
49958.22265625,738928
49742.44140625,738929
51826.6953125,738930
51938.5546875,738931
52160.203125,738932
51662.99609375,738933
52122.546875,738934
51779.14453125,738935
52284.875,738936
51839.1796875,738937
51304.97265625,738938
50731.94921875,738939
51571.1015625,738940
51733.23828125,738941
54522.40234375,738942
57085.37109375,738943
62504.7890625,738944
61198.3828125,738945
62440.6328125,738946
62029.84765625,738947
63167.37109375,738948
68330.4140625,738949
63801.19921875,738950
66106.8046875,738951
66925.484375,738952
68300.09375,738953
68498.8828125,738954
69019.7890625,738955
72123.90625,738956
71481.2890625,738957
73083.5,738958
71396.59375,738959
69403.7734375,738960
65315.1171875,738961
68390.625,738962
67548.59375,738963
61912.7734375,738964
67913.671875,738965
65491.390625,738966
63778.76171875,738967
64062.203125,738968
67234.171875,738969
69958.8125,738970
69987.8359375,738971
69455.34375,738972
70744.953125,738973
69892.828125,738974
69645.3046875,738975
71333.6484375,738976
69702.1484375,738977
65446.97265625,738978
65980.8125,738979
68508.84375,738980
67837.640625,738981
68896.109375,738982
69362.5546875,738983
71631.359375,738984
69139.015625,738985
70587.8828125,738986
70060.609375,738987
67195.8671875,738988
63821.47265625,738989
65738.7265625,738990
63426.2109375,738991
63811.86328125,738992
61276.69140625,738993
63512.75390625,738994
63843.5703125,738995
64994.44140625,738996
64926.64453125,738997
